id,name,country
1,Gigaclub,Yemen
2,Layo,United States
3,Thoughtstorm,Poland
4,Twiyo,Poland
5,Twitterbeat,China
6,Meedoo,Philippines
7,Mydeo,Russia
8,Twitternation,China
9,Devshare,Poland
10,Gigazoom,Belize
11,Voomm,Poland
12,Rhycero,Philippines
13,Lajo,China
14,Skyba,China
15,Reallinks,Canada
16,Dablist,China
17,Yodo,China
18,Oyondu,Palestinian Territory
19,Bubblemix,Kazakhstan
20,Tazz,Russia
21,Buzzster,United States
22,Tagpad,Indonesia
23,Oyoloo,Bolivia
24,Demivee,Indonesia
25,Realbridge,China
26,Oyondu,Libya
27,Aivee,Mexico
28,Trudoo,Chile
29,Dazzlesphere,United States
30,Topicware,Indonesia
31,Camimbo,Italy
32,Yacero,Iran
33,Oba,Ivory Coast
34,Quamba,Indonesia
35,Oyonder,Czech Republic
36,Trunyx,Indonesia
37,Voonte,Slovenia
38,Zoonoodle,Poland
39,Linktype,China
40,Skibox,Peru
41,Jabbertype,United States
42,Brightdog,Nigeria
43,Realcube,China
44,Topdrive,Indonesia
45,Shufflester,Philippines
46,Zazio,Russia
47,Devbug,Pakistan
48,Katz,Sweden
49,Aibox,Portugal
50,Twitterlist,El Salvador
51,Topicshots,Indonesia
52,Kaymbo,Iran
53,Nlounge,Egypt
54,Yabox,Philippines
55,Ntags,Poland
56,Blogspan,Venezuela
57,Dabtype,Russia
58,Pixoboo,Palestinian Territory
59,Jaloo,South Africa
60,Vidoo,Brazil
61,Livefish,China
62,Skimia,China
63,Buzzdog,Honduras
64,Edgepulse,Central African Republic
65,Flashspan,China
66,Centizu,South Korea
67,Camido,United States
68,Camimbo,Poland
69,Vidoo,France
70,Innojam,Ukraine
71,Shufflebeat,Poland
72,Jetpulse,Canada
73,Ainyx,United States
74,Thoughtstorm,Japan
75,Twitterlist,Serbia
76,Wikibox,Portugal
77,Zooxo,China
78,Twimm,China
79,Jabberbean,Paraguay
80,Jamia,Indonesia
81,Dynazzy,China
82,Jaxworks,Brazil
83,Jabbersphere,Indonesia
84,Tagtune,Ukraine
85,Edgeclub,Indonesia
86,Voonix,Indonesia
87,Gabtype,Albania
88,Yodel,Canada
89,Zooveo,China
90,Tambee,Russia
91,Zoombox,Ethiopia
92,Photofeed,Iran
93,Shufflester,Kazakhstan
94,Skyvu,Taiwan
95,Edgewire,China
96,Riffpedia,China
97,Myworks,Paraguay
98,Lazzy,China
99,Brightbean,Peru
100,Yotz,Portugal
101,Tavu,Laos
102,Oloo,Poland
103,Riffpath,Argentina
104,Wordtune,Thailand
105,Jatri,United States
106,Wikido,Afghanistan
107,Reallinks,Morocco
108,Edgepulse,Honduras
109,Brightdog,China
110,Ailane,China
111,Eayo,China
112,Oyondu,Canada
113,Katz,Indonesia
114,Photobug,Syria
115,Yakidoo,Poland
116,Chatterpoint,South Africa
117,Aimbo,Ireland
118,Aivee,China
119,Quimba,South Africa
120,Yodel,Indonesia
121,Mydeo,Brazil
122,Blogspan,Kuwait
123,Devshare,China
124,Yozio,United States
125,Rooxo,Greece
126,Skinte,Greece
127,Skyndu,Philippines
128,Yakidoo,China
129,Dynava,Indonesia
130,Flipopia,Guam
131,Photojam,Indonesia
132,Oodoo,Sudan
133,Oyonder,Indonesia
134,Layo,Antigua and Barbuda
135,Bubblemix,Indonesia
136,Tagfeed,China
137,Realpoint,Russia
138,Devbug,Portugal
139,Flipbug,Democratic Republic of the Congo
140,Realblab,Colombia
141,Muxo,China
142,Trilith,Peru
143,Twimm,France
144,Oozz,Malaysia
145,Kamba,Indonesia
146,Fatz,Czech Republic
147,Photobug,Greece
148,Yata,Czech Republic
149,Eazzy,Indonesia
150,Topiczoom,Czech Republic
151,Centimia,Malaysia
152,Topiczoom,Indonesia
153,Riffpath,France
154,Dabvine,Tunisia
155,BlogXS,Russia
156,Fivespan,Portugal
157,Browseblab,Peru
158,Cogibox,Russia
159,Flipstorm,China
160,Fivechat,Russia
161,Photobean,Indonesia
162,Devcast,Greece
163,Voomm,Czech Republic
164,Avamba,China
165,Minyx,China
166,Pixoboo,Indonesia
167,Skaboo,Russia
168,Yakijo,Japan
169,Meezzy,Brazil
170,Oodoo,China
171,Wordtune,Mexico
172,Pixoboo,Indonesia
173,Trupe,Russia
174,Divape,Indonesia
175,Zooxo,China
176,Flashdog,Brazil
177,Jetpulse,Poland
178,Bubblemix,China
179,Kanoodle,Armenia
180,Skimia,Netherlands
181,Jabberbean,Russia
182,Meevee,Peru
183,Jabberstorm,Croatia
184,Rhynyx,Czech Republic
185,Photojam,Japan
186,Twitterbeat,Japan
187,Skiptube,Bolivia
188,Bluejam,Switzerland
189,Skaboo,Ireland
190,Avavee,Indonesia
191,Skilith,China
192,Myworks,Czech Republic
193,Blogtags,China
194,Latz,Croatia
195,Youspan,France
196,Demizz,Bangladesh
197,Zava,China
198,Demizz,United States
199,Divape,France
200,Quinu,China
201,Vitz,Nigeria
202,Brainbox,Poland
203,Topiczoom,Philippines
204,Yata,Sweden
205,Zoomzone,China
206,Oozz,Indonesia
207,Skippad,United States
208,Ainyx,Sweden
209,Eare,Guatemala
210,Kaymbo,Russia
211,Blogtags,China
212,Avavee,North Korea
213,Browsezoom,Indonesia
214,Gabtune,Indonesia
215,Oyoyo,France
216,Realblab,Hungary
217,Twinder,Philippines
218,Skyba,Italy
219,Topicshots,Greece
220,Oyoyo,Philippines
221,Divanoodle,China
222,Devpulse,Russia
223,Ainyx,Sweden
224,Gabtune,Philippines
225,Feedmix,China
226,Skipstorm,Austria
227,Chatterpoint,Mexico
228,Skimia,Philippines
229,Realpoint,China
230,Realbuzz,Greece
231,Ozu,Iran
232,Vitz,China
233,Kamba,Moldova
234,Dablist,Russia
235,Shuffledrive,China
236,Kimia,Ireland
237,Dynabox,Brazil
238,Thoughtworks,Mexico
239,InnoZ,Serbia
240,Yodel,China
241,Flashpoint,China
242,Yodo,China
243,Agimba,Poland
244,Bluezoom,Spain
245,Eadel,Poland
246,Yakijo,China
247,Quatz,Iran
248,Dynabox,South Korea
249,Fivechat,Thailand
250,Dabfeed,Czech Republic
251,Centizu,Indonesia
252,Katz,Ireland
253,Topicshots,Greece
254,Livetube,Russia
255,Mydo,Bulgaria
256,Livefish,Sweden
257,Eidel,Poland
258,Mynte,Venezuela
259,Pixope,France
260,Ntag,United States
261,LiveZ,China
262,Skajo,Ethiopia
263,Katz,China
264,Avamm,Indonesia
265,Buzzshare,Israel
266,Yombu,Micronesia
267,Roomm,France
268,Demimbu,Indonesia
269,Oozz,Ukraine
270,Dynabox,Indonesia
271,Quamba,China
272,Janyx,China
273,Mydeo,Kuwait
274,Yamia,Japan
275,Wikizz,Poland
276,Livetube,Indonesia
277,Shuffledrive,Colombia
278,Youspan,Indonesia
279,Pixonyx,Vietnam
280,Ntag,Mexico
281,Divanoodle,Ukraine
282,Nlounge,Brazil
283,Wordware,Russia
284,Brainsphere,China
285,Skiptube,Brazil
286,Voonte,China
287,Voomm,Poland
288,Quire,Brazil
289,Browsezoom,Brazil
290,Eare,Russia
291,Abata,Indonesia
292,Gabspot,Portugal
293,Feedbug,Portugal
294,Midel,Paraguay
295,Mybuzz,Uganda
296,Gabtype,Indonesia
297,Jamia,Poland
298,Edgetag,China
299,Twinder,Poland
300,Devpoint,Poland
301,Realbuzz,Malaysia
302,Topdrive,Finland
303,Linkbridge,Armenia
304,Tavu,Albania
305,Kazu,China
306,Jaxnation,China
307,Voonte,China
308,Mycat,Russia
309,Topicblab,Canada
310,Tazz,Dominican Republic
311,Dazzlesphere,China
312,Livepath,Ukraine
313,Cogibox,Bosnia and Herzegovina
314,Avavee,Tunisia
315,Youopia,China
316,Miboo,Bulgaria
317,Dynava,Poland
318,Bluezoom,China
319,Plambee,China
320,Brainsphere,Gambia
321,Devpulse,Indonesia
322,Fivespan,China
323,Cogilith,Indonesia
324,Skimia,Bosnia and Herzegovina
325,Divape,Colombia
326,Skilith,Portugal
327,Kwilith,China
328,Divanoodle,China
329,Twitterworks,Macedonia
330,Dynabox,Portugal
331,Kwimbee,Belgium
332,Zooveo,Belarus
333,Jetpulse,Philippines
334,Voolith,Sweden
335,Mydeo,Japan
336,Dabvine,Chile
337,Plambee,Peru
338,Buzzbean,Faroe Islands
339,Fatz,United Kingdom
340,Tazz,Indonesia
341,Skiba,Faroe Islands
342,Meemm,Sweden
343,Skimia,Philippines
344,Topicblab,China
345,Yotz,Indonesia
346,Skinte,Indonesia
347,Buzzshare,Indonesia
348,Podcat,China
349,Thoughtworks,Estonia
350,Izio,Philippines
351,Aimbu,Palestinian Territory
352,Miboo,Poland
353,Twiyo,Cyprus
354,Katz,Indonesia
355,Flipstorm,Sweden
356,Devcast,Indonesia
357,Tanoodle,China
358,Shuffledrive,Indonesia
359,Agimba,Indonesia
360,Edgeblab,Ecuador
361,Dabtype,Morocco
362,Jamia,Morocco
363,Ozu,Indonesia
364,Mymm,China
365,Quaxo,Egypt
366,Npath,Bosnia and Herzegovina
367,Agivu,China
368,Kanoodle,China
369,Jetwire,Japan
370,Skibox,Indonesia
371,Geba,Hungary
372,Skyble,Peru
373,Fanoodle,Chile
374,Rhynyx,Russia
375,Wordpedia,South Korea
376,Miboo,China
377,Skajo,France
378,Meeveo,Poland
379,Vinte,China
380,Buzzster,Philippines
381,Abatz,Indonesia
382,Wordware,Sweden
383,Youspan,Poland
384,Fliptune,Poland
385,Skiptube,Colombia
386,Vimbo,Japan
387,Shuffletag,Denmark
388,Topicblab,France
389,Dablist,China
390,Camido,Tanzania
391,Mydeo,Botswana
392,Twiyo,Brazil
393,Gigazoom,Canada
394,Lajo,Ghana
395,Jabbersphere,Vietnam
396,Mycat,Slovenia
397,Quinu,China
398,Avamba,Brazil
399,Youfeed,Ghana
400,Trilith,Brazil
401,Tagpad,Philippines
402,Janyx,Russia
403,Babbleset,Iran
404,Quire,Indonesia
405,Gabvine,Thailand
406,Cogilith,Russia
407,Gigaclub,Indonesia
408,Flashdog,France
409,Photospace,China
410,Skiba,South Africa
411,Gabvine,Russia
412,Mudo,Indonesia
413,Yakitri,Iran
414,Oloo,Mexico
415,Topicware,Indonesia
416,Zoomdog,China
417,Realbuzz,Poland
418,Fivechat,Russia
419,Gigashots,Kenya
420,Meemm,Russia
421,Quatz,China
422,Photospace,China
423,Brainverse,Russia
424,Divavu,Mexico
425,Topdrive,Ireland
426,Wikibox,China
427,Voonyx,China
428,Snaptags,China
429,Dynabox,China
430,Skimia,Norway
431,Einti,Portugal
432,Realblab,Russia
433,Photobug,Niue
434,Babbleblab,Colombia
435,Zava,Argentina
436,Voolia,Sri Lanka
437,Flipstorm,Vietnam
438,Jabbersphere,China
439,Trudeo,Brazil
440,Oodoo,Ukraine
441,Pixoboo,Sweden
442,Edgeclub,Indonesia
443,Mynte,Portugal
444,Wikizz,China
445,Photojam,China
446,Skyba,Russia
447,Youbridge,Brazil
448,Avamm,China
449,Yata,Japan
450,Blogtags,Indonesia
451,Eadel,Indonesia
452,Jatri,Indonesia
453,Gevee,Indonesia
454,Trupe,Guatemala
455,Podcat,Indonesia
456,Vidoo,Russia
457,Oyope,China
458,Jayo,Czech Republic
459,Tagchat,Japan
460,Eare,Guinea
461,Linkbuzz,China
462,Buzzbean,Madagascar
463,Npath,Indonesia
464,Photospace,Thailand
465,Meevee,China
466,Gabtune,Lithuania
467,Demizz,Russia
468,Meeveo,Ukraine
469,Voolia,China
470,Buzzbean,United States
471,Agimba,Mexico
472,Riffpedia,Philippines
473,Mynte,Philippines
474,Fadeo,Peru
475,Gevee,Morocco
476,Fadeo,Philippines
477,Browsezoom,Guyana
478,Voolia,Greece
479,Einti,China
480,Youspan,Tunisia
481,Jabbercube,Greece
482,Thoughtsphere,Tajikistan
483,Feedspan,Afghanistan
484,Fivebridge,France
485,Vimbo,Canada
486,Bubblemix,South Africa
487,Edgeclub,Indonesia
488,Photobean,Ukraine
489,Mynte,Burkina Faso
490,Gigaclub,Czech Republic
491,Skyndu,China
492,Gabvine,China
493,Skaboo,Mexico
494,Omba,Russia
495,Vimbo,Ireland
496,Flashdog,Kyrgyzstan
497,Avamba,China
498,Vinte,China
499,Bluejam,Morocco
500,Brainbox,Brazil
501,Kwilith,China
502,Skipstorm,Philippines
503,Jabberbean,Mauritius
504,Blogspan,Russia
505,Omba,Sweden
506,Buzzster,Ukraine
507,Aimbu,Sweden
508,Zooveo,China
509,Fatz,Portugal
510,Rhyloo,Indonesia
511,Devbug,Philippines
512,Fiveclub,Indonesia
513,Trudoo,China
514,Rhyzio,United States
515,Eare,Peru
516,Ntag,China
517,Quire,Russia
518,Brightbean,Indonesia
519,Babblestorm,Russia
520,Devshare,Argentina
521,Topicshots,Russia
522,Trunyx,Czech Republic
523,Fliptune,United States
524,Riffwire,Mexico
525,Zoomlounge,Albania
526,Youbridge,Malta
527,Oba,Philippines
528,Oyoba,Russia
529,Mynte,Ghana
530,Skyba,China
531,Yakijo,China
532,LiveZ,Sweden
533,Quinu,China
534,Skimia,China
535,Lajo,Poland
536,Yamia,Uruguay
537,Gabvine,Mongolia
538,Dablist,Saint Barthelemy
539,Zoonoodle,Peru
540,Photospace,Greece
541,Jaxworks,Philippines
542,Wordtune,China
543,Demimbu,Indonesia
544,Chatterbridge,France
545,Kanoodle,Japan
546,Buzzshare,Morocco
547,Dynabox,Kazakhstan
548,Yoveo,Azerbaijan
549,Jetwire,Nigeria
550,Kazio,Canada
551,Trilia,China
552,Zoombeat,Indonesia
553,Zoonder,China
554,Bubblebox,Russia
555,Eazzy,Greece
556,Zooxo,China
557,Wikizz,China
558,Youspan,Finland
559,Kaymbo,Sweden
560,Bubblemix,France
561,Photojam,China
562,Yadel,Brazil
563,Aimbu,Cyprus
564,Jaxnation,Indonesia
565,Jatri,China
566,Kayveo,China
567,Aivee,Thailand
568,Flashspan,Indonesia
569,Blogtags,Indonesia
570,Wikizz,Indonesia
571,Agimba,France
572,Innojam,Cambodia
573,Twitternation,Israel
574,Wordify,Russia
575,Babbleopia,Indonesia
576,Quinu,China
577,Flashset,France
578,Shufflebeat,Afghanistan
579,Edgeblab,France
580,Dabfeed,China
581,Skiba,Russia
582,Thoughtstorm,China
583,DabZ,Kazakhstan
584,Meemm,Indonesia
585,Pixope,China
586,Topdrive,Russia
587,Tazz,United States
588,Youspan,Tajikistan
589,Devpulse,Madagascar
590,Rooxo,South Africa
591,Aimbo,Finland
592,Photofeed,Portugal
593,Skipfire,China
594,Eadel,Indonesia
595,Feedmix,Canada
596,Skimia,Peru
597,Photobug,Brazil
598,Layo,Ukraine
599,Skinix,Poland
600,Innotype,China
601,Vidoo,China
602,Dynabox,China
603,Agivu,China
604,Trupe,Brazil
605,Quatz,Greece
606,Thoughtbeat,Czech Republic
607,Kwilith,Philippines
608,Avavee,Bangladesh
609,Gabspot,Kiribati
610,Omba,Czech Republic
611,Yodel,China
612,Viva,Russia
613,Shufflebeat,Mexico
614,Topicblab,Indonesia
615,Voomm,Czech Republic
616,Feedbug,Brazil
617,Mybuzz,Colombia
618,Brightdog,Brazil
619,Yabox,Colombia
620,Chatterbridge,Vietnam
621,Abata,Russia
622,Skyba,Kazakhstan
623,Tazzy,Serbia
624,Meembee,Japan
625,Skyvu,Bolivia
626,Feedmix,Jamaica
627,Realbuzz,China
628,Yodo,China
629,Jamia,Indonesia
630,Dynava,Indonesia
631,Brainsphere,Portugal
632,Aivee,China
633,Photospace,Indonesia
634,Fliptune,Iran
635,Tazz,China
636,Centimia,Venezuela
637,Vimbo,Brazil
638,Omba,Morocco
639,Tekfly,Sweden
640,Yodel,Ethiopia
641,Kare,Pakistan
642,Rhynoodle,Brazil
643,Voolia,Guatemala
644,Realpoint,Hungary
645,Flashdog,China
646,Roombo,Netherlands
647,Quinu,Peru
648,Thoughtbeat,Pakistan
649,InnoZ,Denmark
650,Thoughtbeat,Nigeria
651,Zoonder,United States
652,Mymm,Poland
653,Devcast,Guatemala
654,Aimbo,Thailand
655,Mudo,Brazil
656,Skilith,Lebanon
657,Jetpulse,China
658,Riffwire,Indonesia
659,Youopia,Austria
660,Brightbean,Indonesia
661,Ozu,China
662,Yakijo,Bangladesh
663,Trudoo,Brazil
664,Realbuzz,Madagascar
665,Oyoba,Russia
666,Blognation,China
667,Dabtype,Liechtenstein
668,Lajo,Malta
669,Abatz,China
670,Linkbridge,Mozambique
671,Dynava,Austria
672,Blognation,Nigeria
673,Realfire,Philippines
674,Babbleblab,China
675,Camido,Portugal
676,Meedoo,Sweden
677,Topiczoom,Indonesia
678,Aimbo,Tunisia
679,Centizu,Poland
680,Kanoodle,Brazil
681,Skinix,China
682,Ntag,Ukraine
683,Flashpoint,Croatia
684,Zoomcast,China
685,Riffpedia,Mexico
686,Livepath,Iraq
687,Camido,China
688,Agivu,Russia
689,Zoomzone,Colombia
690,Digitube,Brazil
691,Skiba,China
692,Yakidoo,China
693,Realmix,Paraguay
694,Feedfish,Poland
695,Oloo,Indonesia
696,Kwilith,Ethiopia
697,Rhybox,Canada
698,Jetwire,Serbia
699,Dabfeed,China
700,Oodoo,Mexico
701,Youtags,Bangladesh
702,Riffpedia,Argentina
703,Kwimbee,Brazil
704,Ailane,Indonesia
705,Gabvine,Russia
706,Mita,Colombia
707,Demivee,China
708,Chatterbridge,Poland
709,Cogibox,Zambia
710,Flashpoint,Mexico
711,Oyonder,Kenya
712,Wikido,Czech Republic
713,Blogtag,Russia
714,Shufflebeat,Japan
715,Riffpath,France
716,Quinu,Tajikistan
717,Zooveo,Syria
718,Linkbuzz,Mongolia
719,Meezzy,Russia
720,Kayveo,China
721,Meembee,China
722,Leexo,Portugal
723,Gabvine,South Africa
724,Npath,Czech Republic
725,Eare,China
726,Gigazoom,Indonesia
727,Minyx,Indonesia
728,Rhynoodle,France
729,Pixoboo,Venezuela
730,Trudoo,France
731,Realpoint,Mongolia
732,Midel,Portugal
733,Zoozzy,Indonesia
734,Kimia,China
735,Oloo,China
736,Ntags,China
737,Shuffletag,Sweden
738,Tagchat,Indonesia
739,Oyoloo,Argentina
740,Quinu,Brazil
741,Realblab,Venezuela
742,Yodo,Ukraine
743,Meeveo,Zimbabwe
744,Buzzdog,China
745,Gabspot,China
746,Jayo,Philippines
747,Zooveo,Philippines
748,Twitternation,Philippines
749,Quaxo,Brazil
750,Jaxnation,China
751,Quire,Philippines
752,Flipopia,China
753,Jayo,Russia
754,Jabbercube,Indonesia
755,Twiyo,Czech Republic
756,Twitternation,Indonesia
757,Izio,China
758,Snaptags,Russia
759,Ozu,Poland
760,Eimbee,China
761,Eamia,Russia
762,Quinu,China
763,Abata,Portugal
764,Edgetag,Greece
765,Quire,Brazil
766,Pixoboo,China
767,Gabcube,Norway
768,Oyope,China
769,Browsezoom,China
770,Zoonder,Russia
771,Kare,Indonesia
772,Trupe,Indonesia
773,Mydeo,Indonesia
774,Voomm,Latvia
775,Nlounge,Syria
776,Rhycero,Zambia
777,Topicblab,Czech Republic
778,Flashspan,Indonesia
779,Rhyzio,Russia
780,JumpXS,China
781,Jaxspan,China
782,Feedbug,Uganda
783,Yata,China
784,Eayo,Brazil
785,Ntag,China
786,Youfeed,South Africa
787,Twitterbeat,China
788,Einti,Russia
789,Bubblebox,Philippines
790,Jazzy,Norway
791,Jabbersphere,Russia
792,Rhyloo,Indonesia
793,Yombu,Sweden
794,Oloo,Poland
795,Jamia,Palestinian Territory
796,Skinix,Japan
797,Browsezoom,Turkmenistan
798,Tazz,Philippines
799,Youbridge,Thailand
800,Yombu,Japan
801,Yakitri,China
802,Trilia,Iran
803,Oozz,Philippines
804,Bubblebox,Costa Rica
805,Kwimbee,South Africa
806,Bluezoom,Somalia
807,Devcast,Canada
808,Aimbu,Poland
809,Oyonder,Greece
810,Buzzbean,Indonesia
811,Yakijo,Japan
812,Bubbletube,Russia
813,Fatz,China
814,Jetpulse,Indonesia
815,Jabbersphere,China
816,Oyoloo,Israel
817,Vimbo,United Kingdom
818,Skimia,Sweden
819,Tagtune,Poland
820,Eire,China
821,Divavu,Thailand
822,Fliptune,Brazil
823,Zoomzone,Ukraine
824,Zoonder,China
825,Yamia,Afghanistan
826,Quinu,Uruguay
827,Vinder,Greece
828,Yodo,Philippines
829,Yodel,Laos
830,Tagpad,Russia
831,Zoonder,Russia
832,LiveZ,Macedonia
833,Voonix,Iran
834,Flipbug,China
835,Fadeo,China
836,Jabberstorm,Czech Republic
837,Topicware,Sweden
838,Skyba,South Africa
839,Yodel,Philippines
840,Jazzy,China
841,Jaxbean,Russia
842,Skipstorm,Bosnia and Herzegovina
843,Photobug,China
844,Fadeo,Indonesia
845,Meetz,Indonesia
846,Realbridge,Pakistan
847,Skynoodle,Philippines
848,Mycat,Sweden
849,Yombu,China
850,Vitz,Philippines
851,JumpXS,China
852,Kanoodle,United States
853,Jatri,China
854,Centizu,Philippines
855,Gigashots,China
856,Kazio,Slovenia
857,Eadel,Luxembourg
858,Youbridge,China
859,Oyonder,United Kingdom
860,Topicstorm,Sri Lanka
861,Jatri,Madagascar
862,Jabbercube,Philippines
863,Wikivu,Ecuador
864,Kamba,Martinique
865,Flashset,China
866,Tavu,Portugal
867,Rhyloo,France
868,Blogpad,Philippines
869,Zoonoodle,Pakistan
870,Wordpedia,Russia
871,Gigazoom,South Korea
872,Minyx,Indonesia
873,Meeveo,Kenya
874,Jaloo,Indonesia
875,Devpulse,Cuba
876,Tagchat,Argentina
877,Edgepulse,Ukraine
878,Feedmix,China
879,Shufflester,Mongolia
880,Mydo,Macedonia
881,Youbridge,Philippines
882,Cogilith,Brazil
883,Yakitri,Argentina
884,Mynte,Palestinian Territory
885,Flashdog,Philippines
886,Centimia,Russia
887,Voolith,China
888,Kwideo,China
889,Minyx,China
890,Edgepulse,Russia
891,Myworks,China
892,JumpXS,Japan
893,Jabberbean,Indonesia
894,JumpXS,Indonesia
895,Linklinks,Tanzania
896,Jaxbean,Poland
897,Skidoo,France
898,Einti,Haiti
899,Voolith,Philippines
900,Gabcube,Honduras
901,Oyoloo,Indonesia
902,Feedmix,Ukraine
903,Ozu,Ukraine
904,Midel,China
905,Topdrive,France
906,Dazzlesphere,Myanmar
907,Yakidoo,China
908,Youfeed,Indonesia
909,Lazzy,Morocco
910,Plambee,China
911,Twitterworks,Portugal
912,Wikido,Mauritius
913,Dabshots,Portugal
914,Plambee,Indonesia
915,Feedbug,Guatemala
916,Twitterworks,Indonesia
917,Twinder,Canada
918,Geba,Philippines
919,Devshare,Japan
920,Pixope,Kazakhstan
921,Topiclounge,Sweden
922,Tagtune,China
923,Rhybox,Kazakhstan
924,Shufflebeat,China
925,Voonder,Indonesia
926,Yadel,Swaziland
927,Flashspan,Germany
928,Quinu,Portugal
929,Camimbo,France
930,Geba,Sweden
931,Abata,Portugal
932,Devpulse,Sierra Leone
933,Fadeo,Jordan
934,Tazzy,Japan
935,Dynabox,Indonesia
936,Skipfire,China
937,Jaxspan,Indonesia
938,Leenti,China
939,Topicstorm,China
940,Dynabox,Yemen
941,Zazio,Russia
942,Trudeo,Ireland
943,Kwinu,Philippines
944,Wikizz,Venezuela
945,Kare,Portugal
946,Photobug,China
947,Lajo,China
948,Tagchat,Sweden
949,Wikizz,South Sudan
950,Divanoodle,China
951,Flashdog,Botswana
952,Nlounge,Ukraine
953,Mydeo,Nigeria
954,Yakidoo,China
955,Mudo,Portugal
956,Meembee,Greece
957,Aimbu,Russia
958,Zava,Czech Republic
959,Omba,Philippines
960,Yakijo,Portugal
961,Yambee,Indonesia
962,Pixoboo,Brazil
963,Gigaclub,Colombia
964,Photobug,Russia
965,Oyoba,Pakistan
966,Photobug,Poland
967,Pixonyx,Ireland
968,Kazio,Spain
969,Voolia,China
970,Eayo,Yemen
971,Mynte,Russia
972,Browsetype,Brazil
973,Jetpulse,Czech Republic
974,Yakidoo,Portugal
975,Demivee,Mexico
976,Gevee,United States
977,Twimbo,France
978,Tanoodle,Brazil
979,Bluejam,Sweden
980,Muxo,Russia
981,Topicstorm,Japan
982,Aivee,Bangladesh
983,Gabtype,Finland
984,Plajo,Vietnam
985,Oba,Indonesia
986,Zoomlounge,Sweden
987,Meeveo,Poland
988,Jaxbean,Indonesia
989,Centizu,Cuba
990,Blogtag,Ireland
991,Tagfeed,Albania
992,Meejo,Albania
993,Quamba,Portugal
994,Oyonder,Thailand
995,Yata,China
996,Dazzlesphere,Cyprus
997,Blogspan,Nigeria
998,Quire,Bolivia
999,Ntags,Indonesia
1000,Chatterpoint,Afghanistan
